voltage_v,bias_voltage_v,Target
6.37734540723425,-10.6151072719753,1
6.50072722444132,-3.82403585986779,0
4.29225906435067,-8.99220441751474,1
7.39169471877105,-3.12669330321052,0
7.64306310709268,-10.023568923775,1
8.6818568733641,-4.53683537439356,0
5.37042237709217,-2.44715237274057,0
9.24223825468167,-3.88003098065058,0
5.73005848221207,-4.1948113621814,0
7.96833119548753,-3.23125264607294,0
7.37578371629107,-8.72417009836384,1
6.95292351765933,-8.22624268791293,1
8.21201163769237,-1.54781358016643,0
6.85086784788393,-9.9242245156431,1
5.64443032253374,-8.21045789494153,1
10.4884835859839,-2.75858164402059,0
7.27059006890177,-4.84225716276499,0
6.29784608313359,-10.5346803088185,1
9.42169268830281,-2.64769879944117,0
8.98426675469186,-4.87449712260667,0
6.60087280109168,-8.07144707100618,1
5.95313618430375,-6.82945967331975,1
6.87151088564621,-10.1807154723133,1
6.26221548465628,-8.43925752460347,1
7.971644462989,-3.38236057757002,0
7.67619643085777,-2.82620436838947,0
7.92736799229431,-9.76152720447449,1
5.86311158470646,-10.199587384891,1
8.07502381679604,-4.25949569052359,0
6.78335341690352,-8.09238614349283,1
7.89359985447707,-7.41655113456459,1
6.04907773672302,-8.76969991243471,1
6.77811308281541,-9.80940477805554,1
8.71445064715735,-2.41730490660325,0
8.49142837188796,-2.54974889055039,0
9.49649411165772,-3.7902974969828,0
7.52132141377779,-2.12266605075081,0
6.38839269536208,-9.25691447133563,1
7.93333064093537,-3.51553205253507,0
6.86866543006626,-10.0228901246754,1
